/*
Aqui está o trabalho de Banco de dados, do meu estudo feito pelo material e projetos da universidade. 
*/
create database spotmidt;
use spotmidt;

-- Tb Nacionalidade

CREATE TABLE Tb_Nacionalidade (
    cod_nacionalidade INTEGER PRIMARY KEY,
    nacionalidade VARCHAR(20)
);

-- Tb cidade

CREATE TABLE Tb_Cidade (
    cod_cidade INTEGER PRIMARY KEY UNIQUE,
    nome_da_cidade VARCHAR(20),
    nome_do_pais varchar(20)
);

-- tb user

CREATE TABLE Tb_User (
    cod_user int PRIMARY KEY UNIQUE,
    nome VARCHAR(15),
    sobrenome VARCHAR(20),
    data_de_Nascimento DATE
);


alter table Tb_User
add column cod_nacionalidade int;

alter table Tb_User
add column cod_cidade int; 

alter table Tb_User
add foreign key (cod_nacionalidade)
references Tb_Nacionalidade(cod_nacionalidade);

alter table Tb_User
add foreign key (cod_cidade)
references Tb_Cidade(cod_cidade);
    

-- tb Canal Podcast

CREATE TABLE Tb_Canal_Podcast (
    cod_canal_podcast INTEGER PRIMARY KEY UNIQUE,
    nome_do_canal VARCHAR(20),
    descricao_do_canal VARCHAR(100),
    cod_nacionalidade integer
);
 
alter table Tb_Canal_Podcast
	add constraint fk_nacionalidade_podcast foreign key(cod_nacionalidade) references Tb_Nacionalidade(cod_nacionalidade);
    
-- tb follow canal podcast    

CREATE TABLE Tb_Follow_Canal_Podcast (
    cod_follow_podcast INTEGER PRIMARY KEY UNIQUE,
    data_follow_podcast DATE,
    hora_follow_podcast TIME,
    cod_user int, 
    cod_canal_podcast int
);

alter table Tb_Follow_Canal_Podcast
add foreign key (cod_user)
references Tb_User(cod_user);

alter table Tb_Follow_Canal_Podcast
add foreign key (cod_canal_podcast)
references Tb_Canal_Podcast(cod_canal_podcast);

 -- Tb episodio podcast 

CREATE TABLE Tb_Episodios_Podcast (
    cod_episodio_podcast INTEGER PRIMARY KEY UNIQUE,
    titulo_do_episodio_podcast VARCHAR(50),
    duracao_do_episodio_podcast TIME,
    cod_canal_podcast INTEGER
);
 
ALTER TABLE Tb_Episodios_Podcast ADD CONSTRAINT FK_dono_do_episodio
    FOREIGN KEY (cod_canal_podcast)
    REFERENCES Tb_Canal_Podcast(cod_canal_podcast);
    
-- Tb episódio podast baixado

CREATE TABLE Tb_Podcast_Episodio_Baixado (
    cod_download_episodio INTEGER PRIMARY KEY UNIQUE,
    data_download_episodio_podcast DATE,
    hora_download_episodio_podcast TIME,
    cod_user INTEGER,
    cod_episodio_podcast INTEGER
);
 
 
ALTER TABLE Tb_Podcast_Episodio_Baixado ADD CONSTRAINT FK_Tb_Podcast_Episodio_Baixado_3
    FOREIGN KEY (cod_episodio_podcast)
    REFERENCES Tb_Episodios_Podcast(cod_episodio_podcast);

alter table Tb_Podcast_Episodio_Baixado add constraint FK_usuario_download_episodio
	foreign key (cod_user) 
    references Tb_User(cod_user);
    
-- Tb artista banda

CREATE TABLE Tb_Artista_Banda (
    cod_artista_banda INTEGER PRIMARY KEY UNIQUE,
    nome_da_banda VARCHAR(40),
    cod_nacionalidade INTEGER
);
 
ALTER TABLE Tb_Artista_Banda ADD CONSTRAINT FK_nacionalidade_artista
    FOREIGN KEY (cod_nacionalidade)
    REFERENCES Tb_Nacionalidade(cod_nacionalidade);
    
-- Tb musicas

CREATE TABLE Tb_Musica (
    cod_musica INTEGER PRIMARY KEY UNIQUE,
    nome_da_musica VARCHAR(40),
    duracao_da_musica TIME,
    cod_artista_banda INTEGER
);
 
ALTER TABLE Tb_Musica ADD CONSTRAINT FK_artista_dono_musica
    FOREIGN KEY (cod_artista_banda)
    REFERENCES Tb_Artista_Banda(cod_artista_banda);
    
-- Tb Album 

CREATE TABLE Tb_Album (
    cod_album INTEGER PRIMARY KEY UNIQUE,
    nome_do_album VARCHAR(40),
    cod_artista_banda INTEGER
);
 
ALTER TABLE Tb_Album ADD CONSTRAINT FK_artista_do_album
    FOREIGN KEY (cod_artista_banda)
    REFERENCES Tb_Artista_Banda(cod_artista_banda);
    
-- Tb Follow Artista

CREATE TABLE Tb_Follow_Artista (
    cod_follow_artista INTEGER PRIMARY KEY UNIQUE,
    data_follow_artista DATE,
    hora_follow_artista TIME,
    cod_user INTEGER,
    cod_artista_banda INTEGER
);
 
ALTER TABLE Tb_Follow_Artista ADD CONSTRAINT FK_follow_artista_usuario
    FOREIGN KEY (cod_user)
    REFERENCES Tb_User(cod_user);
    
ALTER TABLE Tb_Follow_Artista ADD CONSTRAINT FK_artista_seguido
    FOREIGN KEY (cod_artista_banda)
    REFERENCES Tb_Artista_Banda(cod_artista_banda);    
    
-- Tb musica favoritada

CREATE TABLE Tb_Musica_Favoritada (
    cod_favoritamento_musica INTEGER PRIMARY KEY UNIQUE,
    data_favoritamento_musica DATE,
    hora_favoritamento_musica TIME,
    cod_user INTEGER,
    cod_musica INTEGER
);
ALTER TABLE Tb_Musica_Favoritada ADD CONSTRAINT FK_favoritada_pelo_user
    FOREIGN KEY (cod_user)
    REFERENCES Tb_User(cod_user);

alter table Tb_Musica_Favoritada add constraint FK_musica_favoritada
foreign key (cod_musica)
references Tb_Musica(cod_musica);

-- Tb Musica baixada

CREATE TABLE Tb_Download_Musica (
    cod_download_musica INTEGER PRIMARY KEY UNIQUE,
    data_download_musica DATE,
    hora_download_musica TIME,
    cod_user INTEGER,
    cod_musica INTEGER
);
 
ALTER TABLE Tb_Download_Musica ADD CONSTRAINT FK_usuario_download_musica
    FOREIGN KEY (cod_user)
    REFERENCES Tb_User(cod_user);
    
ALTER TABLE Tb_Download_Musica ADD CONSTRAINT FK_musica_baixada
foreign key (cod_musica)
references Tb_Musica(cod_musica);
    
    
-- Tb Album baixado

CREATE TABLE Tb_Album_Baixado (
    cod_download_album INTEGER PRIMARY KEY UNIQUE,
    data_download_album DATE,
    hora_download_album TIME,
    cod_user INTEGER,
    cod_album INTEGER
);
 
ALTER TABLE Tb_Album_Baixado ADD CONSTRAINT FK_baixado_pelouser
    FOREIGN KEY (cod_user)
    REFERENCES Tb_User(cod_user);
    
ALTER TABLE Tb_Album_Baixado ADD CONSTRAINT FK_album_baixado
    FOREIGN KEY (cod_album)
    REFERENCES Tb_Album(cod_album);	
    
/*
População das tabelas: 
*/    

-- População de cidades: 
insert into Tb_Cidade values
('1', 'Curitiba', 'Brazil'),
('2', 'São Paulo', 'Brazil'), 
('3', 'Belo Horizonte', 'Brazil'),
('4', 'Brasília', 'Brazil'), 
('5', 'Porto Alegre', 'Brazil'),
('6', 'Florianópolis', 'Brazil'),
('7', 'Chapecó', 'Brazil'),
('8', 'New York', 'USA'),
('9', 'Chicago', 'USA'),
('10', 'London', 'UK'),
('11', 'Barcelona', 'Spain'),
('12', 'Madrid', 'Spain'), 
('13', 'Berlin', 'Germany'),
('14', 'Munich', 'Germany'),
('15', 'Geneve', 'Switzerland'),
('16', 'Moscow', 'Russia'), 
('17', 'Tokyo', 'Japan'),
('18', 'Shanghai', 'China'),
('19', 'Miami', 'USA'),
('20', 'San Francisco', 'USA'), 
('21', 'Los Angeles', 'USA'),
('22', 'Hueston', 'USA'),
('23', 'Phoenix', 'USA'),
('24', 'San Diego', 'USA'),
('25', 'Dallas', 'USA'), 
('26', 'Paris', 'France'),
('27', 'Bern', 'Switzerland'),
('28', 'Brussels', 'Belgium'),
('29', 'Tallin', 'Estonia'),
('30', 'Rome', 'Italy');

select * from Tb_Cidade;

-- População de Nacionalidades: 

insert into Tb_Nacionalidade values
('1', 'Brazilian'),
('2', 'American'),
('3', 'British'),
('4', 'German'),
('5', 'Japanese'),
('6', 'Chinese'),
('7', 'French'),
('8', 'Italian'),
('9', 'Swiss'),
('10', 'Belgian'),
('11', 'Estonian'),
('12', 'Russian'),
('13', 'Chinese'),
('14', 'Spanish');

-- População da tabela Tb_User

insert into Tb_User values
('1', 'Alessandro', 'Schmidt', '2001-04-28', '3', '10'),
('2', 'Godoy', 'Arthur', '1998-07-21', '14', '11'),
('3', 'Thiago', 'Andretta', '1970-12-03', '8', '30'),
('4', 'Peter', 'Parker', '1950-02-11', '1', '1'),
('5', 'José', 'Oliver', '2004-10-30', '1', '2'),
('6', 'Gustavo', 'Cardona', '2005-02-25', '2', '9'),
('7', 'Thomas', 'Chiari', '1999-02-25', '3', '10'),
('8', 'Mary', 'Jane', '1970-02-21', '3', '10'),
('9', 'Heloísa', 'Lorenzet', '1980-11-30', '7', '26'),
('10', 'Lotta', 'Öbenstein', '1996-07-25', '4', '13'),
('11', 'Maria', 'Angelica', '1979-09-19', '4', '14'),
('12', 'Klaus', 'Blumenstein', '1960-08-13', '12', '16'),
('13', 'Heirich', 'Dreässen', '1963-07-03', '5', '17'),
('14', 'Harry', 'Osbourn', '1950-01-29', '6', '18'),
('15', 'James', 'Potter', '1999-03-20', '8', '30'),
('16', 'Robert', 'Downey Junior', '1954-06-12', '9', '15'),
('17', 'Benjamin', 'Loveheart', '2005-09-14', '10', '28'),
('18', 'Olivia', 'Kraussberg', '2009-07-28', '11', '29'),
('19', 'Oliver', 'Stiglitz', '2010-02-09', '14', '12'),
('20', 'Noah', 'Jordan', '2015-08-02', '3', '10'),
('21', 'Noah', 'Banes', '2003-11-01', '3', '10'),
('22', 'Lucas', 'Rodrigues', '2011-12-06', '2', '8'),
('23', 'Alexander', 'The Great', '1986-02-06', '2', '25'),
('24', 'Janusz', 'Groner', '1982-06-12', '9', '27'),
('25', 'Ava', 'Maciel', '1984-04-18', '9', '15'),
('26', 'Amelia', 'Brandelero', '1993-03-14', '1', '3'),
('27', 'Harper', 'Hassem', '2001-07-19', '2', '24'),
('28', 'Mia', 'Smith', '2002-07-17', '1', '4'),
('29', 'Evelyn', 'Johnson', '1991-02-13', '3', '10'),
('30', 'Moritz', 'Zimmerman', '1999-05-15', '1', '5'),
('31', 'Ben', 'Carlson', '2000-12-17', '3', '10'),
('32', 'Quentinn', 'Tarantino', '1940-03-11', '2', '24'),
('33', 'Sophia', 'Glockheart', '1981-07-25', '3', '10'),
('34', 'Ana', 'Maria', '1967-11-29', '3', '10'),
('35', 'Ana', 'Dumbledore', '1990-09-30', '3', '10'),
('36', 'May', 'Parker', '1973-02-22', '2', '8'),
('37', 'Charlotte', 'Of Edinburg', '1920-12-14', '11', '29'),
('38', 'Alice', 'Wonderland', '1993-07-27', '1', '6'),
('39', 'Metthew', 'Perry', '1998-04-14', '1', '7'),
('40', 'David', 'Schwimmer', '2001-02-11', '2', '24'),
('41', 'Joey', 'Tribbiani', '2017-07-21', '2', '23'),
('42', 'Phoebe', 'Bupphay', '2005-11-15', '3', '10'),
('43', 'Ted', 'Mosby', '2013-02-21', '3', '10'),
('44', 'Luke', 'Skywalker', '1978-07-11', '10', '28'),
('45', 'Leia', 'Skywalker', '1978-07-19', '10', '28');

select * from Tb_User;

-- População Tb_Artista

insert into Tb_Artista_Banda values
('1', 'The Beatles', '3'),
('2', 'Rolling Stones', '3'),
('3', 'Paul McCartney', '3'), 
('4', 'Chico Buarque', '1'),
('5', 'Titãs', '1'),
('6', 'Legião Urbana', '1'), 
('7', 'Selvagens a Procura da Lei', '1'),
('8', 'Resgate', '1'),
('9', 'The Red Army Choir', '12'),
('10', 'Feduk', '12'),
('11', 'Die Lieferaten','4'),
('12', 'Miksu', '4'),
('13', 'Marteria', '4'),
('14', 'Jupiter Jones', '4'),
('15','Revolverhead','4'),
('16', 'Laith Al-Deen', '4'),
('17','Tim Bendzko','4'),
('18','Oasis','3'),
('19','The Who','3'),
('20', 'Pink Floyd', '3'),
('21','Jimi Hendrix','2'),
('22','Bob Dylan','2'),
('23','Bruce Springsteen','2'),
('24','Green Day','2'),
('25','Aerosmith','2'),
('26','Guns N Roses','2'),
('27','Simon & Garfunkel','2'),
('28','Eagles','2'),
('29','Mark Foster','4'),
('30','Paralamas do Sucesso','1'),
('31','Queen','3');

-- População da tabela Tb_Album
select * from Tb_Album;
INSERT INTO `spotmidt`.`Tb_Album` (`cod_album`, `nome_do_album`, `cod_artista_banda`) VALUES ('1', 'Rubber Soul', '1');
INSERT INTO `spotmidt`.`Tb_Album` (`cod_album`, `nome_do_album`, `cod_artista_banda`) VALUES ('2', 'Tatoo You', '2');
INSERT INTO `spotmidt`.`Tb_Album` (`cod_album`, `nome_do_album`, `cod_artista_banda`) VALUES ('3', 'New', '3');
INSERT INTO `spotmidt`.`Tb_Album` (`cod_album`, `nome_do_album`, `cod_artista_banda`) VALUES ('4', 'Caravanas', '4');
INSERT INTO `spotmidt`.`Tb_Album` (`cod_album`, `nome_do_album`, `cod_artista_banda`) VALUES ('5', 'Cabeça Dinossauro', '5');
INSERT INTO `spotmidt`.`Tb_Album` (`cod_album`, `nome_do_album`, `cod_artista_banda`) VALUES ('6', 'Que país é esse?', '6');
INSERT INTO `spotmidt`.`Tb_Album` (`cod_album`, `nome_do_album`, `cod_artista_banda`) VALUES ('7', 'Aprendendo a mentir', '7');
INSERT INTO `spotmidt`.`Tb_Album` (`cod_album`, `nome_do_album`, `cod_artista_banda`) VALUES ('8', 'Este lado para cima', '8');
INSERT INTO `spotmidt`.`Tb_Album` (`cod_album`, `nome_do_album`, `cod_artista_banda`) VALUES ('9', 'Songs of war', '9');
INSERT INTO `spotmidt`.`Tb_Album` (`cod_album`, `nome_do_album`, `cod_artista_banda`) VALUES ('10', 'Zanadyie', '10');
INSERT INTO `spotmidt`.`Tb_Album` (`cod_album`, `nome_do_album`, `cod_artista_banda`) VALUES ('11', 'Die Lieferaten - live', '11');
INSERT INTO `spotmidt`.`Tb_Album` (`cod_album`, `nome_do_album`, `cod_artista_banda`) VALUES ('12', 'Roundtrip', '12');
INSERT INTO `spotmidt`.`Tb_Album` (`cod_album`, `nome_do_album`, `cod_artista_banda`) VALUES ('13', 'Lila Wolkeln', '13');
INSERT INTO `spotmidt`.`Tb_Album` (`cod_album`, `nome_do_album`, `cod_artista_banda`) VALUES ('14', 'Raum um Raum', '14');
INSERT INTO `spotmidt`.`Tb_Album` (`cod_album`, `nome_do_album`, `cod_artista_banda`) VALUES ('15', 'Tropfmeist', '15');
INSERT INTO `spotmidt`.`Tb_Album` (`cod_album`, `nome_do_album`, `cod_artista_banda`) VALUES ('16', 'Deutsch Akustik: Herr Laith', '16');
INSERT INTO `spotmidt`.`Tb_Album` (`cod_album`, `nome_do_album`, `cod_artista_banda`) VALUES ('17', 'Bendzko: Live MTV', '17');
INSERT INTO `spotmidt`.`Tb_Album` (`cod_album`, `nome_do_album`, `cod_artista_banda`) VALUES ('18', 'Champagnat Supernova', '18');
INSERT INTO `spotmidt`.`Tb_Album` (`cod_album`, `nome_do_album`, `cod_artista_banda`) VALUES ('19', 'Who are you', '19');
INSERT INTO `spotmidt`.`Tb_Album` (`cod_album`, `nome_do_album`, `cod_artista_banda`) VALUES ('20', 'The Wall', '20');


-- População da Tabela Música
select * from Tb_Musica;
desc Tb_Musica;
insert into Tb_Musica values
('1', 'Help', '', '1'),
('2', 'Star me up', '', '2'),
('3', 'Brazil', '', '3'),
('4', 'Construção', '', '4'),
('5', 'AA UU', '', '5'),
('6', 'Ainda é cedo', '', '6'),
('7', 'Tropa da Elite', '', '7'),
('8', 'Meu caminho', '', '8'),
('9', 'Smuglianka', '', '9'),
('10', 'Trabuji', '', '10'),
('11', 'Eine neue Klasse', '', '11'),
('12', 'Wirkstein', '', '12'),
('13', 'Kids', '', '13'),
('14', 'In die Nähe', '', '14'),
('15', '38 miles', '', '15'),
('16', 'Dies ist dein lied', '', '16'),
('17', 'Neu In DE', '', '17'),
('18', 'Wonderwall', '', '18'),
('19', 'Main_The_Who', '', '19'),
('20', 'Time', '', '20'),
('21', 'Cocaine', '', '21'),
('22', 'Like a Rolling', '', '22'),
('23', 'Born in the USA', '', '23'),
('24', 'American Idiot', '', '24'),
('25', 'Crazy', '', '25'),
('26', 'Welcome to the', '', '26'),
('27', 'Hello Darkness', '', '27'),
('28', 'Hotel California', '', '28'),
('29', 'Au Revoir', '', '29'),
('30', 'Laterna dos afogados', '', '30'),
('31', 'Bohemia Rapsody', '', '31'),
('32', 'Hey Jude', '', '1'),
('33', 'I can Get No', '', '2'),
('34', 'Once upon a time', '', '3'),
('35', 'Jogo de bola', '', '4'),
('36', 'Mundo cão', '', '5'),
('37', 'Tempo perdido', '', '6'),
('38', 'Massarandupió', '', '4'),
('39', 'Amantes', '', '4'),
('40', 'Relter Skelter', '', '1'),
('41', 'Norweigian Wood', '', '1'),
('42', 'Andere Deutsch', '', '11'),
('43', 'jorge Maravilha', '', '4'),
('44', 'Die Haus ist forbei', '', '13'),
('45', 'Die fünfte Beatle', '', '13'),
('46', 'Retrato em preto e branco', '', '4'),
('47', 'You wont see me', '', '1'),
('48', 'Licht Zimmer', '', '13'),
('49', 'Theres a Light', '', '18'),
('50', 'Die Tropftremmer', '', '13'),
('51', 'Aquela menina', '', '4'),
('52', 'Se eu soubesse', '', '4'),
('53', 'Tax Man', '', '1'),
('54', 'Lucy in the Sky', '', '1'),
('55', 'Paratodos', '', '4'),
('56', 'Eu te amo', '', '4'),
('57', 'In my life', '', '1'),
('58', 'Hello Goodbye', '', '1'),
('59', 'Back in the USSR', '', '1'),
('60', 'Girl', '', '1'),
('61', 'Nowhere man ', '', '1');

-- População da TB_musica_favoritada
desc Tb_Musica_Favoritada;
insert into Tb_Musica_Favoritada values
('1', '2020-9-30', '1:0:0', '1', '1'),
('2', '2020-9-30', '1:1:1', '2', '1'),
('3', '2020-9-30', '1:2:2', '3', '1'),
('4', '2020-9-30', '1:3:3', '4', '1'),
('5', '2020-9-30', '1:4:4', '5', '1'),
('6', '2020-9-30', '1:5:5', '6', '1'),
('7', '2020-9-30', '1:6:6', '7', '1'),
('8', '2020-9-30', '1:7:7', '8', '1'),
('9', '2020-9-30', '0:8:8', '9', '1'),
('10', '2020-9-30', '1:0:9', '10', '1'),
('11', '2020-10-1', '2:1:10', '11', '1'),
('12', '2020-10-1', '3:2:11', '12', '1'),
('13', '2020-10-1', '4:3:12', '13', '1'),
('14', '2020-10-1', '5:4:13', '14', '1'),
('15', '2020-10-1', '6:5:14', '15', '1'),
('16', '2020-10-6', '7:6:15', '16', '1'),
('17', '2020-10-7', '8:7:16', '17', '1'),
('18', '2020-11-8', '9:8:17', '18', '1'),
('19', '2020-11-8', '10:9:18', '19', '1'),
('20', '2020-11-8', '11:10:19', '20', '3'),
('21', '2020-11-8', '12:11:20', '21', '3'),
('22', '2020-11-8', '13:12:21', '22', '3'),
('23', '2020-11-8', '14:13:22', '23', '3'),
('24', '2020-11-8', '15:14:23', '24', '4'),
('25', '2020-11-8', '16:15:24', '25', '4'),
('26', '2020-11-8', '17:0:25', '26', '4'),
('27', '2020-11-8', '18:1:26', '27', '4'),
('28', '2020-11-8', '19:2:27', '28', '4'),
('29', '2020-12-9', '20:3:28', '29', '5'),
('30', '2020-12-9', '21:4:29', '30', '5'),
('31', '2020-12-9', '22:5:30', '31', '1'),
('32', '2020-12-9', '23:6:31', '32', '12'),
('33', '2020-12-9', '0:7:32', '33', '12'),
('34', '2020-12-12', '0:8:33', '34', '14'),
('35', '2020-12-12', '1:9:34', '35', '14'),
('36', '2020-12-12', '2:10:35', '36', '14'),
('37', '2020-12-23', '3:11:36', '37', '14'),
('38', '2020-12-23', '4:12:37', '38', '14'),
('39', '2020-12-23', '5:13:38', '1', '24'),
('40', '2020-12-24', '6:14:39', '1', '14'),
('41', '2020-12-24', '7:15:40', '41', '24'),
('42', '2020-12-25', '8:16:41', '42', '24'),
('43', '2020-12-26', '9:17:42', '43', '24'),
('44', '2020-12-30', '10:18:43', '29', '24'),
('45', '2021-1-1', '11:19:44', '44', '61'),
('46', '2021-1-2', '12:20:45', '2', '61'),
('47', '2021-1-2', '13:21:46', '2', '60'),
('48', '2021-1-3', '14:22:47', '2', '59'),
('49', '2021-1-3', '15:23:48', '2', '58'),
('50', '2021-1-3', '16:24:49', '3', '59'),
('51', '2021-1-4', '17:25:50', '3', '58'),
('52', '2021-1-4', '18:26:51', '3', '57'),
('53', '2021-1-4', '19:27:52', '3', '56'),
('54', '2021-1-5', '20:28:53', '4', '57'),
('55', '2021-2-1', '21:29:0', '4', '56'),
('56', '2021-2-2', '22:30:1', '4', '55'),
('57', '2021-2-2', '23:31:2', '5', '54'),
('58', '2021-2-2', '0:32:3', '5', '53'),
('59', '2021-2-2', '1:33:4', '5', '52'),
('60', '2021-2-2', '2:34:5', '6', '51'),
('61', '2021-2-3', '3:35:6', '6', '61'),
('62', '2021-2-3', '4:36:7', '6', '60'),
('63', '2021-2-3', '5:37:8', '7', '41'),
('64', '2021-2-3', '6:38:9', '7', '61'),
('65', '2021-3-4', '7:39:10', '7', '40'),
('66', '2021-3-4', '8:40:11', '8', '40'),
('67', '2021-3-4', '9:41:12', '8', '41'),
('68', '2021-3-4', '10:42:13', '1', '14'),
('69', '2021-3-5', '11:43:14', '8', '32'),
('70', '2021-3-5', '12:44:15', '33', '57'),
('71', '2021-4-5', '13:45:16', '3', '57'),
('72', '2021-4-5', '14:46:17', '33', '33'),
('73', '2021-4-6', '15:47:18', '12', '25'),
('74', '2021-5-6', '16:48:19', '12', '26'),
('75', '2021-5-6', '17:49:20', '12', '27'),
('76', '2021-5-6', '18:50:21', '12', '28'),
('77', '2021-5-29', '19:51:22', '12', '29'),
('78', '2021-5-30', '20:52:23', '15', '30'),
('79', '2021-6-12', '21:53:24', '15', '31'),
('80', '2021-6-13', '22:54:25', '15', '32'),
('81', '2021-6-14', '23:55:26', '15', '33'),
('82', '2021-6-15', '0:56:27', '15', '34'),
('83', '2021-6-17', '1:57:28', '30', '35'),
('84', '2021-6-30', '2:1:29', '30', '61'),
('85', '2021-7-1', '3:1:30', '30', '21'),
('86', '2021-7-1', '4:1:31', '18', '14'),
('87', '2021-7-1', '5:1:32', '18', '14'),
('88', '2021-7-1', '6:1:33', '18', '48'),
('89', '2021-7-1', '7:1:34', '1', '56'),
('90', '2021-7-1', '8:1:35', '8', '48'),
('91', '2021-7-1', '9:1:36', '39', '1'),
('92', '2021-7-1', '10:1:37', '39', '2'),
('93', '2021-7-1', '11:1:38', '39', '3'),
('94', '2021-7-1', '12:1:39', '39', '4'),
('95', '2021-7-1', '12:1:40', '39', '5'),
('96', '2021-7-1', '12:1:41', '39', '6'),
('97', '2021-7-1', '12:1:42', '39', '7'),
('98', '2021-7-1', '12:1:43', '39', '18'),
('99', '2021-7-1', '12:1:44', '39', '17'),
('100', '2021-7-1', '13:1:45', '39', '19'),
('101', '2021-7-1', '13:0:46', '39', '20'),
('102', '2021-7-1', '13:1:47', '40', '1'),
('103', '2021-7-1', '13:2:48', '40', '2'),
('104', '2021-7-1', '14:3:49', '40', '3'),
('105', '2021-8-1', '14:4:50', '40', '14');
select * from Tb_Musica_Favoritada;

-- População Tb_Download_Musica
insert into Tb_Download_Musica values
('1', '2020-10-30', '1:0:0', '1', '1'),
('2', '2020-10-30', '1:1:1', '2', '1'),
('3', '2020-10-30', '1:2:2', '3', '1'),
('4', '2020-10-30', '1:3:3', '4', '1'),
('5', '2020-10-30', '1:4:4', '5', '1'),
('6', '2020-10-30', '1:5:5', '6', '1'),
('7', '2020-10-30', '1:6:6', '7', '1'),
('8', '2020-10-30', '1:7:7', '8', '1'),
('9', '2020-10-30', '0:8:8', '9', '1'),
('10', '2020-10-30', '1:0:9', '10', '1'),
('11', '2020-11-1', '2:1:10', '11', '1'),
('12', '2020-11-1', '3:2:11', '12', '1'),
('13', '2020-11-1', '4:3:12', '13', '1'),
('14', '2020-11-1', '5:4:13', '14', '1'),
('15', '2020-11-1', '6:5:14', '15', '1'),
('16', '2020-11-6', '7:6:15', '16', '1'),
('17', '2020-11-7', '8:7:16', '17', '1'),
('18', '2020-11-8', '9:8:17', '18', '1'),
('19', '2020-11-8', '10:9:18', '19', '1'),
('20', '2020-12-8', '11:10:19', '20', '3'),
('21', '2020-12-8', '12:11:20', '21', '3'),
('22', '2020-12-8', '13:12:21', '22', '3'),
('23', '2020-12-8', '14:13:22', '23', '3'),
('24', '2020-12-8', '15:14:23', '24', '4'),
('25', '2020-12-8', '16:15:24', '25', '4'),
('26', '2020-12-8', '17:0:25', '26', '4'),
('27', '2020-12-8', '18:1:26', '27', '4'),
('28', '2020-12-8', '19:2:27', '28', '4'),
('29', '2020-12-9', '20:3:28', '29', '5'),
('30', '2020-12-9', '21:4:29', '30', '5'),
('31', '2020-12-9', '22:5:30', '31', '1'),
('32', '2020-12-9', '23:6:31', '32', '12'),
('33', '2020-12-9', '0:7:32', '33', '12'),
('34', '2020-12-12', '0:8:33', '34', '14'),
('35', '2020-12-12', '1:9:34', '35', '14'),
('36', '2020-12-12', '2:10:35', '36', '14'),
('37', '2020-12-23', '3:11:36', '37', '14'),
('38', '2020-12-23', '4:12:37', '38', '14'),
('39', '2020-12-23', '5:13:38', '1', '24'),
('40', '2020-12-24', '6:14:39', '1', '14'),
('41', '2020-12-24', '7:15:40', '41', '24'),
('42', '2020-12-25', '8:16:41', '42', '24'),
('43', '2020-12-26', '9:17:42', '43', '24'),
('44', '2020-12-30', '10:18:43', '29', '24'),
('45', '2021-1-1', '11:19:44', '44', '61'),
('46', '2021-1-2', '12:20:45', '2', '61'),
('47', '2021-1-2', '13:21:46', '2', '60'),
('48', '2021-1-3', '14:22:47', '2', '59'),
('49', '2021-1-3', '15:23:48', '2', '58'),
('50', '2021-2-3', '16:24:49', '3', '59'),
('51', '2021-2-4', '17:25:50', '3', '58'),
('52', '2021-2-4', '18:26:51', '3', '57'),
('53', '2021-2-4', '19:27:52', '3', '56'),
('54', '2021-2-5', '20:28:53', '4', '57'),
('55', '2021-3-1', '21:29:0', '4', '56'),
('56', '2021-3-2', '22:30:1', '4', '55'),
('57', '2021-3-2', '23:31:2', '5', '54'),
('58', '2021-3-2', '0:32:3', '5', '53'),
('59', '2021-3-2', '1:33:4', '5', '52'),
('60', '2021-3-2', '2:34:5', '6', '51'),
('61', '2021-3-3', '3:35:6', '6', '61'),
('62', '2021-3-3', '4:36:7', '6', '60'),
('63', '2021-3-3', '5:37:8', '7', '41'),
('64', '2021-3-3', '6:38:9', '7', '61'),
('65', '2021-3-4', '7:39:10', '7', '40'),
('66', '2021-3-4', '8:40:11', '8', '40'),
('67', '2021-3-4', '9:41:12', '8', '41'),
('68', '2021-3-4', '10:42:13', '1', '14'),
('69', '2021-3-5', '11:43:14', '8', '32'),
('70', '2021-3-5', '12:44:15', '33', '57'),
('71', '2021-3-5', '13:45:16', '3', '57'),
('72', '2021-3-5', '14:46:17', '33', '33'),
('73', '2021-3-6', '15:47:18', '12', '25'),
('74', '2021-3-6', '16:48:19', '12', '26'),
('75', '2021-3-6', '17:49:20', '12', '27'),
('76', '2021-3-6', '18:50:21', '12', '28'),
('77', '2021-3-29', '19:51:22', '12', '29'),
('78', '2021-3-30', '20:52:23', '15', '30'),
('79', '2021-4-12', '21:53:24', '15', '31'),
('80', '2021-4-13', '22:54:25', '15', '32'),
('81', '2021-4-14', '23:55:26', '15', '33'),
('82', '2021-4-15', '0:56:27', '15', '34'),
('83', '2021-4-17', '1:57:28', '30', '35'),
('84', '2021-4-30', '2:1:29', '30', '61'),
('85', '2021-4-1', '3:1:30', '30', '21'),
('86', '2021-4-1', '4:1:31', '18', '14'),
('87', '2021-4-1', '5:1:32', '18', '14'),
('88', '2021-4-1', '6:1:33', '18', '48'),
('89', '2021-5-1', '7:1:34', '1', '56'),
('90', '2021-5-1', '8:1:35', '8', '48'),
('91', '2021-5-1', '9:1:36', '39', '1'),
('92', '2021-5-1', '10:1:37', '39', '2'),
('93', '2021-5-1', '11:1:38', '39', '3'),
('94', '2021-5-1', '12:1:39', '39', '4'),
('95', '2021-5-1', '12:1:40', '39', '5'),
('96', '2021-5-1', '12:1:41', '39', '6'),
('97', '2021-5-1', '12:1:42', '39', '7'),
('98', '2021-5-1', '12:1:43', '39', '18'),
('99', '2021-5-1', '12:1:44', '39', '17'),
('100', '2021-5-1', '13:1:45', '39', '19'),
('101', '2021-5-1', '13:0:46', '39', '20'),
('102', '2021-5-1', '13:1:47', '40', '1'),
('103', '2021-5-1', '13:2:48', '40', '2'),
('104', '2021-5-1', '14:3:49', '40', '3'),
('105', '2021-5-1', '14:4:50', '40', '14');
desc Tb_Download_Musica; 
select * from Tb_Download_Musica;

-- População Tabela Tb_Album_Baixado
desc Tb_Album_Baixado; -- 20 albuns registrados
insert into Tb_Album_Baixado values 
('1', '2020-10-30', '1:0:0', '1', '1'),
('2', '2020-10-30', '1:1:1', '2', '1'),
('3', '2020-10-30', '1:2:2', '3', '1'),
('4', '2020-10-30', '1:3:3', '4', '1'),
('5', '2020-10-30', '1:4:4', '5', '1'),
('6', '2020-10-30', '1:5:5', '6', '1'),
('7', '2020-10-30', '1:6:6', '7', '1'),
('8', '2020-10-30', '1:7:7', '8', '1'),
('9', '2020-10-30', '0:8:8', '9', '1'),
('10', '2020-10-30', '1:0:9', '10', '1'),
('11', '2020-11-1', '2:1:10', '11', '1'),
('12', '2020-11-1', '3:2:11', '12', '1'),
('13', '2020-11-1', '4:3:12', '13', '1'),
('14', '2020-11-1', '5:4:13', '14', '1'),
('15', '2020-11-1', '6:5:14', '15', '1'),
('16', '2020-11-6', '7:6:15', '16', '1'),
('17', '2020-11-7', '8:7:16', '17', '1'),
('18', '2020-11-8', '9:8:17', '18', '1'),
('19', '2020-11-8', '10:9:18', '19', '1'),
('20', '2020-12-8', '11:10:19', '20', '1'),
('21', '2020-12-8', '12:11:20', '21', '1'),
('22', '2020-12-8', '13:12:21', '22', '1'),
('23', '2020-12-8', '14:13:22', '23', '1'),
('24', '2020-12-8', '15:14:23', '24', '1'),
('25', '2020-12-8', '16:15:24', '25', '1'),
('26', '2020-12-8', '17:0:25', '26', '1'),
('27', '2020-12-8', '18:1:26', '27', '1'),
('28', '2020-12-8', '19:2:27', '28', '1'),
('29', '2020-12-9', '20:3:28', '29', '1'),
('30', '2020-12-9', '21:4:29', '30', '1'),
('31', '2020-12-9', '22:5:30', '31', '1'),
('32', '2020-12-9', '23:6:31', '32', '1'),
('33', '2020-12-9', '0:7:32', '33', '1'),
('34', '2020-12-12', '0:8:33', '34', '1'),
('35', '2020-12-12', '1:9:34', '35', '1'),
('36', '2020-12-12', '2:10:35', '36', '1'),
('37', '2020-12-23', '3:11:36', '37', '1'),
('38', '2020-12-23', '4:12:37', '38', '1'),
('39', '2020-12-23', '5:13:38', '39', '1'),
('40', '2020-12-24', '6:14:39', '40', '1'),
('41', '2020-12-24', '7:15:40', '41', '1'),
('42', '2020-12-25', '8:16:41', '42', '1'),
('43', '2020-12-26', '9:17:42', '43', '1'),
('44', '2020-12-30', '10:18:43', '44', '1'),
('45', '2021-1-1', '11:19:44', '45', '1'),
('46', '2021-1-2', '12:20:45', '1', '2'),
('47', '2021-1-2', '13:21:46', '2', '3'),
('48', '2021-1-3', '14:22:47', '3', '4'),
('49', '2021-1-3', '15:23:48', '4', '5'),
('50', '2021-2-3', '16:24:49', '5', '6'),
('51', '2021-2-4', '17:25:50', '6', '7'),
('52', '2021-2-4', '18:26:51', '7', '8'),
('53', '2021-2-4', '19:27:52', '8', '9'),
('54', '2021-2-5', '20:28:53', '9', '10'),
('55', '2021-3-1', '21:29:0', '10', '11'),
('56', '2021-3-2', '22:30:1', '11', '12'),
('57', '2021-3-2', '23:31:2', '12', '13'),
('58', '2021-3-2', '0:32:3', '13', '14'),
('59', '2021-3-2', '1:33:4', '14', '2'),
('60', '2021-3-2', '2:34:5', '15', '2'),
('61', '2021-3-3', '3:35:6', '16', '2'),
('62', '2021-3-3', '4:36:7', '17', '2'),
('63', '2021-3-3', '5:37:8', '18', '2'),
('64', '2021-3-3', '6:38:9', '19', '2'),
('65', '2021-3-4', '7:39:10', '20', '2'),
('66', '2021-3-4', '8:40:11', '21', '2'),
('67', '2021-3-4', '9:41:12', '22', '2'),
('68', '2021-3-4', '10:42:13', '23', '2'),
('69', '2021-3-5', '11:43:14', '24', '2'),
('70', '2021-3-5', '12:44:15', '25', '2'),
('71', '2021-3-5', '13:45:16', '26', '2'),
('72', '2021-3-5', '14:46:17', '27', '2'),
('73', '2021-3-6', '15:47:18', '28', '2'),
('74', '2021-3-6', '16:48:19', '29', '2'),
('75', '2021-3-6', '17:49:20', '30', '2'),
('76', '2021-3-6', '18:50:21', '31', '2'),
('77', '2021-3-29', '19:51:22', '32', '3'),
('78', '2021-3-30', '20:52:23', '33', '3'),
('79', '2021-4-12', '21:53:24', '34', '3'),
('80', '2021-4-13', '22:54:25', '35', '3'),
('81', '2021-4-14', '23:55:26', '36', '3'),
('82', '2021-4-15', '0:56:27', '37', '3'),
('83', '2021-4-17', '1:57:28', '38', '3'),
('84', '2021-4-30', '2:1:29', '39', '3'),
('85', '2021-4-1', '3:1:30', '40', '3'),
('86', '2021-4-1', '4:1:31', '41', '3'),
('87', '2021-4-1', '5:1:32', '42', '3'),
('88', '2021-4-1', '6:1:33', '43', '3'),
('89', '2021-5-1', '7:1:34', '1', '3'),
('90', '2021-5-1', '8:1:35', '1', '4'),
('91', '2021-5-1', '9:1:36', '2', '6'),
('92', '2021-5-1', '10:1:37', '2', '7'),
('93', '2021-5-1', '11:1:38', '3', '8'),
('94', '2021-5-1', '12:1:39', '3', '9'),
('95', '2021-5-1', '12:1:40', '4', '10'),
('96', '2021-5-1', '12:1:41', '4', '7'),
('97', '2021-5-1', '12:1:42', '5', '9'),
('98', '2021-5-1', '12:1:43', '5', '15'),
('99', '2021-5-1', '12:1:44', '6', '15'),
('100', '2021-5-1', '13:1:45', '6', '16'),
('101', '2021-5-1', '13:0:46', '7', '20'),
('102', '2021-5-1', '13:1:47', '7', '3'),
('103', '2021-5-1', '13:2:48', '8', '2'),
('104', '2021-5-1', '14:3:49', '8', '3'),
('105', '2021-5-1', '14:4:50', '9', '14'),
('106', '2021-5-1', '15:0:0', '10', '20'),
('107', '2021-5-1', '16:0:1', '10', '19'),
('108', '2021-5-1', '17:0:2', '20', '18'),
('109', '2021-5-1', '18:1:3', '20', '19'),
('110', '2021-5-1', '19:2:4', '15', '18'),
('111', '2021-5-1', '20:3:45', '15', '19'),
('112', '2021-5-1', '21:4:46', '25', '11'),
('113', '2021-5-1', '22:5:47', '25', '12'),
('114', '2021-5-1', '22:6:48', '23', '12'),
('115', '2021-5-1', '2:1:49', '23', '11'),
('116', '2021-5-2', '22:2:12', '31', '11'),
('117', '2021-5-2', '23:13:13', '3', '11'),
('118', '2021-5-2', '0:4:14', '11', '11'),
('119', '2021-5-2', '0:4:15', '12', '11'),
('120', '2021-5-2', '0:5:16', '13', '11'),
('121', '2021-5-2', '0:2:17', '14', '11'),
('122', '2021-5-2', '0:23:18', '15', '11'),
('123', '2021-5-3', '0:15:19', '16', '11'); 

-- População Tb_Follow Artista
desc Tb_Follow_Artista; 
insert into Tb_Follow_Artista values
('1', '2020-10-30', '1:0:0', '1', '1'),
('2', '2020-10-30', '1:1:1', '1', '2'),
('3', '2020-10-30', '1:2:2', '1', '3'),
('4', '2020-10-30', '1:3:3', '1', '4'),
('5', '2020-10-30', '1:4:4', '1', '5'),
('6', '2020-10-30', '1:5:5', '1', '6'),
('7', '2020-10-30', '1:6:6', '1', '7'),
('8', '2020-10-30', '1:7:7', '1', '8'),
('9', '2020-10-30', '0:8:8', '1', '9'),
('10', '2020-10-30', '1:0:9', '1', '10'),
('11', '2020-11-1', '2:1:10', '1', '11'),
('12', '2020-11-1', '3:2:11', '1', '12'),
('13', '2020-11-1', '4:3:12', '1', '13'),
('14', '2020-11-1', '5:4:13', '1', '14'),
('15', '2020-11-1', '6:5:14', '1', '15'),
('16', '2020-11-6', '7:6:15', '1', '16'),
('17', '2020-11-7', '8:7:16', '1', '17'),
('18', '2020-11-8', '9:8:17', '1', '18'),
('19', '2020-11-8', '10:9:18', '1', '19'),
('20', '2020-12-8', '11:10:19', '1', '20'),
('21', '2020-12-8', '12:11:20', '1', '21'),
('22', '2020-12-8', '13:12:21', '1', '22'),
('23', '2020-12-8', '14:13:22', '1', '23'),
('24', '2020-12-8', '15:14:23', '1', '24'),
('25', '2020-12-8', '16:15:24', '1', '25'),
('26', '2020-12-8', '17:0:25', '1', '26'),
('27', '2020-12-8', '18:1:26', '1', '27'),
('28', '2020-12-8', '19:2:27', '1', '28'),
('29', '2020-12-9', '20:3:28', '1', '29'),
('30', '2020-12-9', '21:4:29', '1', '30'),
('31', '2020-12-9', '22:5:30', '1', '31'),
('32', '2020-12-9', '23:6:31', '2', '1'),
('33', '2020-12-9', '0:7:32', '2', '2'),
('34', '2020-12-12', '0:8:33', '2', '3'),
('35', '2020-12-12', '1:9:34', '2', '4'),
('36', '2020-12-12', '2:10:35', '2', '5'),
('37', '2020-12-23', '3:11:36', '2', '6'),
('38', '2020-12-23', '4:12:37', '2', '7'),
('39', '2020-12-23', '5:13:38', '2', '8'),
('40', '2020-12-24', '6:14:39', '3', '2'),
('41', '2020-12-24', '7:15:40', '3', '3'),
('42', '2020-12-25', '8:16:41', '3', '4'),
('43', '2020-12-26', '9:17:42', '3', '5'),
('44', '2020-12-30', '10:18:43', '3', '6'),
('45', '2021-1-1', '11:19:44', '3', '7'),
('46', '2021-1-2', '12:20:45', '3', '8'),
('47', '2021-1-2', '13:21:46', '3', '9'),
('48', '2021-1-3', '14:22:47', '3', '10'),
('49', '2021-1-3', '15:23:48', '3', '11'),
('50', '2021-2-3', '16:24:49', '3', '12'),
('51', '2021-2-4', '17:25:50', '3', '13'),
('52', '2021-2-4', '18:26:51', '4', '3'),
('53', '2021-2-4', '19:27:52', '4', '9'),
('54', '2021-2-5', '20:28:53', '4', '10'),
('55', '2021-3-1', '21:29:0', '4', '11'),
('56', '2021-3-2', '22:30:1', '4', '12'),
('57', '2021-3-2', '23:31:2', '4', '13'),
('58', '2021-3-2', '0:32:3', '4', '14'),
('59', '2021-3-2', '1:33:4', '4', '15'),
('60', '2021-3-2', '2:34:5', '4', '16'),
('61', '2021-3-3', '3:35:6', '4', '17'),
('62', '2021-3-3', '4:36:7', '4', '18'),
('63', '2021-3-3', '5:37:8', '4', '19'),
('64', '2021-3-3', '6:38:9', '5', '7'),
('65', '2021-3-4', '7:39:10', '20', '8'),
('66', '2021-3-4', '8:40:11', '21', '9'),
('67', '2021-3-4', '9:41:12', '22', '10'),
('68', '2021-3-4', '10:42:13', '23', '11'),
('69', '2021-3-5', '11:43:14', '24', '12'),
('70', '2021-3-5', '12:44:15', '25', '13'),
('71', '2021-3-5', '13:45:16', '26', '14'),
('72', '2021-3-5', '14:46:17', '27', '15'),
('73', '2021-3-6', '15:47:18', '28', '16'),
('74', '2021-3-6', '16:48:19', '29', '17'),
('75', '2021-3-6', '17:49:20', '30', '18'),
('76', '2021-3-6', '18:50:21', '6', '2'),
('77', '2021-3-29', '19:51:22', '7', '2'),
('78', '2021-3-30', '20:52:23', '8', '2'),
('79', '2021-4-12', '21:53:24', '9', '2'),
('80', '2021-4-13', '22:54:25', '10', '2'),
('81', '2021-4-14', '23:55:26', '11', '2'),
('82', '2021-4-15', '0:56:27', '12', '2'),
('83', '2021-4-17', '1:57:28', '13', '2'),
('84', '2021-4-30', '2:1:29', '14', '2'),
('85', '2021-4-1', '3:1:30', '15', '2'),
('86', '2021-4-1', '4:1:31', '16', '2'),
('87', '2021-4-1', '5:1:32', '17', '2'),
('88', '2021-4-1', '6:1:33', '18', '2'),
('89', '2021-5-1', '7:1:34', '19', '2'),
('90', '2021-5-1', '8:1:35', '20', '2'); 


-- PODCASTS
-- População Tb_Canal_Podcast
desc Tb_Canal_Podcast;
select * from Tb_Canal_Podcast; 
INSERT INTO Tb_Canal_Podcast values
('1', 'Bons de bola', 'Bate papo sobre jogos do Brasileirão', '1'),
('2', 'Amigos para vida', 'Um bate papo do Vampeta com o Edilson, ex jogadores, sobre temas da atualidade', '1'),
('3', 'Biblia hoje', 'Um respiro de paz na sua semana', '1'),
('4', 'Joe Roegan', 'Americas favorite comedian, now in Podcast', '2'),
('5', 'Quentinn and etc', 'The famous director Tarantino talks about new movies', '2'),
('6', 'Deutsche Welle', 'Jeden Tag, Neuigkeit und Humor', '4'),
('7', 'DeutscheTag', 'Alles über DE Politik und Wirtschaft ', '4'),
('8', 'Daily Mail ', 'Englands oldest media', '3'),
('9', 'Imperial Radio', 'UKs favorite podcast about history', '3'),
('10', 'Queens Daily News', 'News about the Royal Family', '3'),
('11', 'Tv Rai Italia ', 'Un podcast sui paesi di lingua italiana', '8'),
('12', 'Freedom Radio', 'Podcast Eesti ajaloost ja vabadusvõitlusest.', '11'),
('13', 'Un nuevo dia', 'Un podcast que habla sobre las notícias de toda la Europa', '14');

-- População Tb_Episodios_Podcast
desc Tb_Episodios_Podcast; 
select * from Tb_Episodios_Podcast; 
INSERT INTO Tb_Episodios_Podcast  VALUES 
('1', 'Rodada 01', '01:23:00', '1'),
('2', 'Rodada 02', '02:25:23', '1'),
('3', 'Histórias de Seleção', '03:04:01', '2'),
('4', 'Histórias do Vanpeta', '00:49:10', '2'),
('5', 'Salmos', '1:9:3', '3'),
('6', 'O evangelho', '1:5:34', '3'),
('7', 'Inglorious Day: 09/11 perspective', '01:01:01', '4'),
('8', 'New Politics', '00:15:13', '4'),
('9', 'Grown Ups: best movie', '10:03:11', '5'),
('10', 'Adam Sandler Interview', '03:10:15', '5'),
('11', 'Die Wahl ', '01:02:13', '6'),
('12', 'Guten Apetit!', '05:14:11', '6'),
('13', 'Deutsche Akzent ', '1:1:3', '7'),
('14', 'Gescwendigkeitsbegrenzung', '02:11:55', '7'),
('15', 'London Now ep1 ', '00:55:19', '8'),
('16', 'Technology in the UK', '00:49:59', '9'),
('17', 'Queens New Hat', '00:14:49', '10'),
('18', 'King Charles', '01:09:11', '10'),
('19', 'History of the UK ', '03:11:12', '10'),
('20', 'UKS best universities', '00:49:50', '10'),
('21', 'Great day today', '01:00:19', '10'),
('22', 'Queen Elizabeth', '00:33:27', '10'),
('23', 'England, UK and Commonwealth', '00:15:19', '10'),
('24', 'Mangia Bene', '02:09:14', '11'),
('25', 'Tallin und Europa', '03:11:45', '12'),
('26', 'Banco de dados, una realidad', '00:59:59', '13');


-- Populando TB_Follow_Canal_Podcast: 
desc Tb_Follow_Canal_Podcast;

insert into Tb_Follow_Canal_Podcast values 
('1', '2020-10-30', '1:0:0', '2', '1'),
('2', '2020-10-30', '1:1:1', '2', '2'),
('3', '2020-10-30', '1:2:2', '2', '3'),
('4', '2020-10-30', '1:3:3', '2', '4'),
('5', '2020-10-30', '1:4:4', '2', '5'),
('6', '2020-10-30', '1:5:5', '2', '6'),
('7', '2020-10-30', '1:6:6', '2', '7'),
('8', '2020-10-30', '1:7:7', '2', '8'),
('9', '2020-10-30', '0:8:8', '2', '9'),
('10', '2020-10-30', '1:0:9', '2', '10'),
('11', '2020-11-1', '2:1:10', '2', '11'),
('12', '2020-11-1', '3:2:11', '2', '12'),
('13', '2020-11-1', '4:3:12', '2', '13'),
('14', '2020-11-1', '5:4:13', '1', '9'),
('15', '2020-11-1', '6:5:14', '3', '9'),
('16', '2020-11-6', '7:6:15', '4', '9'),
('17', '2020-11-7', '8:7:16', '5', '9'),
('18', '2020-11-8', '9:8:17', '6', '9'),
('19', '2020-11-8', '10:9:18', '7', '9'),
('20', '2020-12-8', '11:10:19', '8', '9'),
('21', '2020-12-8', '12:11:20', '9', '9'),
('22', '2020-12-8', '13:12:21', '10', '9'),
('23', '2020-12-8', '14:13:22', '11', '9'),
('24', '2020-12-8', '15:14:23', '12', '9'),
('25', '2020-12-8', '16:15:24', '13', '9'),
('26', '2020-12-8', '17:0:25', '14', '9'),
('27', '2020-12-8', '18:1:26', '15', '9'),
('28', '2020-12-8', '19:2:27', '16', '9'),
('29', '2020-12-9', '20:3:28', '17', '9'),
('30', '2020-12-9', '21:4:29', '18', '9'),
('31', '2020-12-9', '22:5:30', '19', '9'),
('32', '2020-12-9', '23:6:31', '20', '9'),
('33', '2020-12-9', '0:7:32', '21', '9'),
('34', '2020-12-12', '0:8:33', '22', '9'),
('35', '2020-12-12', '1:9:34', '23', '9'),
('36', '2020-12-12', '2:10:35', '24', '9'),
('37', '2020-12-23', '3:11:36', '25', '9'),
('38', '2020-12-23', '4:12:37', '26', '9'),
('39', '2020-12-23', '5:13:38', '27', '9'),
('40', '2020-12-24', '6:14:39', '28', '9'),
('41', '2020-12-24', '7:15:40', '29', '9'),
('42', '2020-12-25', '8:16:41', '30', '9'),
('43', '2020-12-26', '9:17:42', '31', '9'),
('44', '2020-12-30', '10:18:43', '32', '9'),
('45', '2021-1-1', '11:19:44', '33', '9'),
('46', '2021-1-2', '12:20:45', '34', '9'),
('47', '2021-1-2', '13:21:46', '35', '9'),
('48', '2021-1-3', '14:22:47', '36', '9'),
('49', '2021-1-3', '15:23:48', '37', '9'),
('50', '2021-2-3', '16:24:49', '38', '9'),
('51', '2021-2-4', '17:25:50', '39', '9'),
('52', '2021-2-4', '18:26:51', '40', '9'),
('53', '2021-2-4', '19:27:52', '41', '9'),
('54', '2021-2-5', '20:28:53', '42', '9'),
('55', '2021-3-1', '21:29:0', '43', '9'),
('56', '2021-3-2', '22:30:1', '3', '1'),
('57', '2021-3-2', '23:31:2', '3', '5'),
('58', '2021-3-2', '0:32:3', '3', '6'),
('59', '2021-3-2', '1:33:4', '3', '13'),
('60', '2021-3-2', '2:34:5', '3', '11'),
('61', '2021-3-3', '3:35:6', '4', '1'),
('62', '2021-3-3', '4:36:7', '4', '2'),
('63', '2021-3-3', '5:37:8', '4', '4'),
('64', '2021-3-3', '6:38:9', '4', '5'),
('65', '2021-3-4', '7:39:10', '4', '6'),
('66', '2021-3-4', '8:40:11', '4', '7'),
('67', '2021-3-4', '9:41:12', '8', '8'),
('68', '2021-3-4', '10:42:13', '9', '10'),
('69', '2021-3-5', '11:43:14', '9', '11'),
('70', '2021-3-5', '12:44:15', '9', '12'),
('71', '2021-3-5', '13:45:16', '9', '13'),
('72', '2021-3-5', '14:46:17', '9', '8'),
('73', '2021-3-6', '15:47:18', '9', '7'),
('74', '2021-3-6', '16:48:19', '9', '6'),
('75', '2021-3-6', '17:49:20', '9', '5'),
('76', '2021-3-6', '18:50:21', '9', '4'),
('77', '2021-3-29', '19:51:22', '9', '1'),
('78', '2021-3-30', '20:52:23', '9', '2'),
('79', '2021-4-12', '21:53:24', '5', '1'),
('80', '2021-4-13', '22:54:25', '5', '2'),
('81', '2021-4-14', '23:55:26', '5', '3'),
('82', '2021-4-15', '0:56:27', '5', '4'),
('83', '2021-4-17', '1:57:28', '5', '5'),
('84', '2021-4-30', '2:1:29', '5', '6'),
('85', '2021-4-1', '3:1:30', '5', '7'),
('86', '2021-4-1', '4:1:31', '5', '8'),
('87', '2021-4-1', '5:1:32', '5', '10'),
('88', '2021-4-1', '6:1:33', '5', '11'),
('89', '2021-5-1', '7:1:34', '5', '12'),
('90', '2021-5-1', '8:1:35', '5', '13'),
('91', '2021-5-1', '9:1:36', '44', '1'),
('92', '2021-5-1', '10:1:37', '45', '2'),
('93', '2021-5-1', '11:1:38', '45', '3'),
('94', '2021-5-1', '12:1:39', '45', '4'),
('95', '2021-5-1', '12:1:40', '45', '5'),
('96', '2021-5-1', '12:1:41', '45', '6'),
('97', '2021-5-1', '12:1:42', '45', '7'),
('98', '2021-5-1', '12:1:43', '45', '13'),
('99', '2021-5-1', '12:1:44', '45', '12'),
('100', '2021-5-1', '13:1:45', '45', '9'),
('101', '2021-5-1', '13:0:46', '44', '8'),
('102', '2021-5-1', '13:1:47', '44', '1'),
('103', '2021-5-1', '13:2:48', '44', '2'),
('104', '2021-5-1', '14:3:49', '44', '3'),
('105', '2021-5-1', '14:4:50', '44', '13');

-- Populando a Tb_Podcast_Episodio_Baixado: 
insert into Tb_Podcast_Episodio_Baixado values
('1', '2020-10-30', '1:0:0', '45', '1'),
('2', '2020-10-30', '1:1:1', '45', '2'),
('3', '2020-10-30', '1:2:2', '45', '3'),
('4', '2020-10-30', '1:3:3', '45', '4'),
('5', '2020-10-30', '1:4:4', '45', '5'),
('6', '2020-10-30', '1:5:5', '45', '6'),
('7', '2020-10-30', '1:6:6', '45', '7'),
('8', '2020-10-30', '1:7:7', '45', '8'),
('9', '2020-10-30', '0:8:8', '45', '9'),
('10', '2020-10-30', '1:0:9', '45', '10'),
('11', '2020-11-1', '2:1:10', '44', '2'),
('12', '2020-11-1', '3:2:11', '44', '3'),
('13', '2020-11-1', '4:3:12', '44', '4'),
('14', '2020-11-1', '5:4:13', '44', '5'),
('15', '2020-11-1', '6:5:14', '44', '6'),
('16', '2020-11-6', '7:6:15', '44', '7'),
('17', '2020-11-7', '8:7:16', '44', '8'),
('18', '2020-11-8', '9:8:17', '44', '9'),
('19', '2020-11-8', '10:9:18', '44', '10'),
('20', '2020-12-8', '11:10:19', '44', '11'),
('21', '2020-12-8', '12:11:20', '43', '12'),
('22', '2020-12-8', '13:12:21', '43', '14'),
('23', '2020-12-8', '14:13:22', '43', '15'),
('24', '2020-12-8', '15:14:23', '42', '16'),
('25', '2020-12-8', '16:15:24', '42', '17'),
('26', '2020-12-8', '17:0:25', '42', '18'),
('27', '2020-12-8', '18:1:26', '42', '19'),
('28', '2020-12-8', '19:2:27', '1', '20'),
('29', '2020-12-9', '20:3:28', '1', '21'),
('30', '2020-12-9', '21:4:29', '1', '22'),
('31', '2020-12-9', '22:5:30', '1', '23'),
('32', '2020-12-9', '23:6:31', '1', '24'),
('33', '2020-12-9', '0:7:32', '1', '25'),
('34', '2020-12-12', '0:8:33', '1', '26'),
('35', '2020-12-12', '1:9:34', '1', '1'),
('36', '2020-12-12', '2:10:35', '1', '2'),
('37', '2020-12-23', '3:11:36', '1', '3'),
('38', '2020-12-23', '4:12:37', '1', '4'),
('39', '2020-12-23', '5:13:38', '1', '5'),
('40', '2020-12-24', '6:14:39', '5', '1'),
('41', '2020-12-24', '7:15:40', '5', '2'),
('42', '2020-12-25', '8:16:41', '5', '3'),
('43', '2020-12-26', '9:17:42', '5', '4'),
('44', '2020-12-30', '10:18:43', '5', '5'),
('45', '2021-1-1', '11:19:44', '5', '6'),
('46', '2021-1-2', '12:20:45', '5', '7'),
('47', '2021-1-2', '13:21:46', '6', '8'),
('48', '2021-1-3', '14:22:47', '6', '9'),
('49', '2021-1-3', '15:23:48', '6', '10'),
('50', '2021-2-3', '16:24:49', '6', '11'),
('51', '2021-2-4', '17:25:50', '6', '12'),
('52', '2021-2-4', '18:26:51', '8', '13'),
('53', '2021-2-4', '19:27:52', '8', '14'),
('54', '2021-2-5', '20:28:53', '8', '15'),
('55', '2021-3-1', '21:29:0', '8', '16'),
('56', '2021-3-2', '22:30:1', '8', '17'),
('57', '2021-3-2', '23:31:2', '8', '18'),
('58', '2021-3-2', '0:32:3', '8', '19'),
('59', '2021-3-2', '1:33:4', '10', '20'),
('60', '2021-3-2', '2:34:5', '10', '21'),
('61', '2021-3-3', '3:35:6', '10', '22'),
('62', '2021-3-3', '4:36:7', '10', '23'),
('63', '2021-3-3', '5:37:8', '10', '24'),
('64', '2021-3-3', '6:38:9', '10', '25'),
('65', '2021-3-4', '7:39:10', '31', '26'),
('66', '2021-3-4', '8:40:11', '31', '1'),
('67', '2021-3-4', '9:41:12', '31', '2'),
('68', '2021-3-4', '10:42:13', '31', '3'),
('69', '2021-3-5', '11:43:14', '31', '4'),
('70', '2021-3-5', '12:44:15', '31', '5'),
('71', '2021-3-5', '13:45:16', '31', '7'),
('72', '2021-3-5', '14:46:17', '31', '8'),
('73', '2021-3-6', '15:47:18', '15', '9'),
('74', '2021-3-6', '16:48:19', '15', '10'),
('75', '2021-3-6', '17:49:20', '15', '12'),
('76', '2021-3-6', '18:50:21', '15', '13'),
('77', '2021-3-29', '19:51:22', '15', '15'),
('78', '2021-3-30', '20:52:23', '15', '17'),
('79', '2021-4-12', '21:53:24', '15', '19'),
('80', '2021-4-13', '22:54:25', '15', '20'),
('81', '2021-4-14', '23:55:26', '2', '8'),
('82', '2021-4-15', '0:56:27', '7', '8'),
('83', '2021-4-17', '1:57:28', '8', '8'),
('84', '2021-4-30', '2:1:29', '9', '8'),
('85', '2021-4-1', '3:1:30', '39', '8'),
('86', '2021-4-1', '4:1:31', '39', '9'),
('87', '2021-4-1', '5:1:32', '39', '10'),
('88', '2021-4-1', '6:1:33', '39', '11'),
('89', '2021-5-1', '7:1:34', '39', '12'),
('90', '2021-5-1', '8:1:35', '39', '13'),
('91', '2021-5-1', '9:1:36', '39', '11'),
('92', '2021-5-1', '10:1:37', '20', '1'),
('93', '2021-5-1', '11:1:38', '20', '3'),
('94', '2021-5-1', '12:1:39', '20', '5'),
('95', '2021-5-1', '12:1:40', '20', '6'),
('96', '2021-5-1', '12:1:41', '20', '7'),
('97', '2021-5-1', '12:1:42', '12', '10'),
('98', '2021-5-1', '12:1:43', '12', '1'),
('99', '2021-5-1', '12:1:44', '12', '2'),
('100', '2021-5-1', '13:1:45', '12', '3'),
('101', '2021-5-1', '13:0:46', '12', '7'),
('102', '2021-5-1', '13:1:47', '12', '4'),
('103', '2021-5-1', '13:2:48', '12', '9'),
('104', '2021-5-1', '14:3:49', '13', '10'),
('105', '2021-5-1', '14:4:50', '43', '10'); 
/*
Fim do código.
*/